Adaptive_Mesh_Refinement,random_meshes
Aerosols,propane_flame_deposition
Complex_Geometry,geom_simple
Complex_Geometry,geom_obst
Complex_Geometry,geom_sphere1a
Complex_Geometry,geom_sphere1c
Complex_Geometry,geom_sphere1e
Complex_Geometry,geom_sphere3b
Complex_Geometry,geom_sphere3d
Complex_Geometry,geom_sphere3f
Complex_Geometry,geom_sphere1b
Complex_Geometry,geom_sphere1d
Complex_Geometry,geom_sphere1f
Complex_Geometry,geom_sphere3a
Complex_Geometry,geom_sphere3c
Complex_Geometry,geom_sphere3e
Complex_Geometry,geom_terrain
Complex_Geometry,geom_texture
Complex_Geometry,geom_texture2
Complex_Geometry,geom_texture3a
Complex_Geometry,geom_texture3b
Complex_Geometry,geom_texture4a
Complex_Geometry,geom_texture4b
Complex_Geometry,sphere_radiate
Complex_Geometry,sphere_helium_conserve_3meshes
Complex_Geometry,cone_1mesh
Complex_Geometry,t34_scaling
Controls,activate_vents
Detectors,beam_detector
Detectors,objects_static
Detectors,objects_dynamic
Fires,couch
Flowfields,helium_2d_isothermal
Flowfields,symmetry_test
Flowfields,symmetry_test_2
Flowfields,symmetry_test_mpi
Flowfields,jet_fan
Flowfields,velocity_bc_test
Heat_Transfer,checkerboard
Heat_Transfer,ht3d_demo
Heat_Transfer,ht3d_ibeam
Heat_Transfer,ht3d_network
HVAC,HVAC_mass_conservation
HVAC,HVAC_energy_pressure
HVAC,leak_test_2
Miscellaneous,pyramid
Miscellaneous,obst_multi
Miscellaneous,obst_sphere
Miscellaneous,obst_cylinder
Miscellaneous,obst_cone
Miscellaneous,obst_rotbox
NS_Analytical_Solution,ns2d_64
Pressure_Effects,pressure_boundary
Pressure_Solver,dancing_eddies_embed
Pressure_Solver,dancing_eddies_tight
Scalar_Analytical_Solution,move_slug
Scalar_Analytical_Solution,move_slug_fl1
Scalar_Analytical_Solution,shunn3_256
Scalar_Analytical_Solution,soborot_charm_square_wave_64
Sprinklers_and_Sprays,cascade
Turbulence,csmag_64
Turbulence,dsmag_64
WUI,Bova_1a
WUI,Bova_1b
WUI,Bova_4a
WUI,level_set_fuel_model_1

